,poblacion,accesos_fijo,accesos_movil,accesos_total,percapita_fijo,percapita_movil,percapita_total
2017,47419200,6193671,23749663,29943334,0.13062,0.50084,0.63146
2018,48258494,6578663,25526548,32105211,0.13632,0.52895,0.66528
2019,49395678,6911078,27748255,34659333,0.13991,0.56175,0.70167
2020,50372424,7490454,29361628,36852082,0.14870,0.58289,0.73159
2021,51049498,8292381,33788278,42080659,0.16244,0.66187,0.82431
2022,51609474,8482581,37932392,46414973,0.16436,0.73499,0.89935
