,Hombre,Mujer,mujer_menos_hombre
En el hogar,0.6742027213875237,0.697474114748491,0.023271393360967285
"En la vivienda de otra persona (pariente, amigo/a, vecino/a)",0.06873848424135812,0.07071063360166059,0.001972149360302475
Otro sitio,0.0015654888158832755,0.001064088416269944,-0.0005014003996133315
En centros de acceso público con costo (Café Internet),0.015456685297438152,0.0143787386226653,-0.001077946674772852
En centros de acceso público gratis,0.02924857735920364,0.027123337082138328,-0.002125240277065312
En la institución educativa,0.056531866261692404,0.0519971226254186,-0.004534743636273805
En desplazamiento de un sitio a otro,0.11026076775516605,0.09013913059511802,-0.020121637160048028
En el trabajo,0.2438227997188758,0.169309391220397,-0.07451340849847879
