P1084,Hombre,Mujer
Todos los días de la semana,0.5454769971543343,0.5658653515579344
"Al menos una vez a la semana, pero no cada día",0.1594750961502717,0.15716262057659214
"Al menos una vez al mes, pero no cada semana",0.013382916390066295,0.01313302227626863
"Al menos una vez al año, pero no cada mes",0.0026303310628274634,0.002918644384223857
No utiliza internet,0.27903465924250026,0.26092036120498086
